{"cameraMode":{"drawMode":0,"name":"Shaded","section":"Shading Mode"},"sceneLighting":false,"audioPlay":false,"sceneViewState":{"m_AlwaysRefresh":false,"showFog":true,"showSkybox":false,"showFlares":true,"showImageEffects":true,"showParticleSystems":true,"showVisualEffectGraphs":true,"m_FxEnabled":true},"in2DMode":false,"pivot":{"x":-0.027653608471155168,"y":-0.6512432098388672,"z":1.9971197843551636},"rotation":{"x":-0.052448004484176639,"y":0.11269964277744293,"z":-0.005958706606179476,"w":-0.9922318458557129},"size":0.08660251647233963,"orthographic":false}