{"cameraMode":{"drawMode":0,"name":"Shaded","section":"Shading Mode"},"sceneLighting":false,"audioPlay":false,"sceneViewState":{"m_AlwaysRefresh":false,"showFog":true,"showSkybox":false,"showFlares":true,"showImageEffects":true,"showParticleSystems":true,"showVisualEffectGraphs":true,"m_FxEnabled":true},"in2DMode":false,"pivot":{"x":0.0587439090013504,"y":-0.5336837768554688,"z":2.2043209075927736},"rotation":{"x":-0.143782377243042,"y":-0.020190702751278878,"z":0.002926618792116642,"w":-0.9894167184829712},"size":1.9970506429672242,"orthographic":false}